date,headline,source
2026-01-07,"US discussing options to acquire Greenland, including use of military, says White House",https://feeds.bbci.co.uk/news/world/rss.xml
2026-01-07,Trump says Venezuela will be 'turning over' up to 50m barrels of oil to US,https://feeds.bbci.co.uk/news/world/rss.xml
2026-01-07,Opposition leader Machado says she should be in charge of Venezuela,https://feeds.bbci.co.uk/news/world/rss.xml
2026-01-07,Russia sends navy ships to guard oil tanker being pursued by US forces,https://feeds.bbci.co.uk/news/world/rss.xml
2026-01-07,UK and France to send troops to Ukraine if peace deal agreed,https://feeds.bbci.co.uk/news/world/rss.xml
2026-01-07,"Aldrich Ames, CIA agent who sold secrets to the Soviets, dies aged 84",https://feeds.bbci.co.uk/news/world/rss.xml
2026-01-07,Six dead and hundreds of flights cancelled as snow causes chaos across Europe,https://feeds.bbci.co.uk/news/world/rss.xml
2026-01-07,Lego unveils tech-filled Smart Bricks - to play experts' unease,https://feeds.bbci.co.uk/news/world/rss.xml
2026-01-07,"Iran anti-government protests spread to majority of provinces, videos show",https://feeds.bbci.co.uk/news/world/rss.xml
2026-01-07,"Children killed after drone hits home in Sudan, medics say",https://feeds.bbci.co.uk/news/world/rss.xml
2026-01-07,Zelensky replaces Ukraine's powerful security service chief,https://feeds.bbci.co.uk/news/world/rss.xml
2026-01-07,"Swiss ski bar not inspected for five years before deadly fire, mayor says",https://feeds.bbci.co.uk/news/world/rss.xml
2026-01-07,Macron hosts Ukraine and allies to try to cement security guarantees,https://feeds.bbci.co.uk/news/world/rss.xml
2026-01-07,US Congressman Doug LaMalfa dies unexpectedly at 65,https://feeds.bbci.co.uk/news/world/rss.xml
2026-01-07,Israel's foreign minister on historic visit to Somaliland,https://feeds.bbci.co.uk/news/world/rss.xml
2026-01-07,Nestle issues global recall of some baby formula products over toxin fears,https://feeds.bbci.co.uk/news/world/rss.xml
2026-01-07,Nvidia unveils self-driving car tech as it seeks to power more products with AI,https://feeds.bbci.co.uk/news/world/rss.xml
2026-01-07,Trump's Venezuela raid has created chaos - and that is a risk for China,https://feeds.bbci.co.uk/news/world/rss.xml
2026-01-07,The painful questions for Nato and the EU as Trump threatens Greenland,https://feeds.bbci.co.uk/news/world/rss.xml
2026-01-07,An Indian state wants to tackle hate speech with a law - can it work?,https://feeds.bbci.co.uk/news/world/rss.xml
2026-01-07,Selfies and smiles: South Korea seeks 'new phase' in ties with China,https://feeds.bbci.co.uk/news/world/rss.xml
2026-01-07,Cuba defiant as it braces for post-Maduro era,https://feeds.bbci.co.uk/news/world/rss.xml
2026-01-07,Which countries could be in Trump's sights after Venezuela?,https://feeds.bbci.co.uk/news/world/rss.xml
2026-01-07,Long wait for justice leaves South African families in limbo,https://feeds.bbci.co.uk/news/world/rss.xml
2026-01-07,BBC looks into the relationship between Cuba and Venezuela,https://feeds.bbci.co.uk/news/world/rss.xml
2026-01-07,'It seems unjust to me' - views from Caracas on Maduro's seizure,https://feeds.bbci.co.uk/news/world/rss.xml
2026-01-07,Watch: What it was like in the courtroom at Maduro's hearing,https://feeds.bbci.co.uk/news/world/rss.xml
2026-01-07,Video shows Maduro's arrival in US and journey into custody,https://feeds.bbci.co.uk/news/world/rss.xml
2026-01-07,Watch: 'I'm so happy' - Venezuelans in the US react to Maduro's capture,https://feeds.bbci.co.uk/news/world/rss.xml
2026-01-07,Trump on Venezuela: 'We are going to run the country',https://feeds.bbci.co.uk/news/world/rss.xml
2026-01-07,Explosions and smoke at La Guaira port,https://feeds.bbci.co.uk/news/world/rss.xml
2026-01-07,Watch: Over 100 firefighters on the scene of Denver blaze,https://feeds.bbci.co.uk/news/world/rss.xml
2026-01-07,Sailors saved from going over edge of huge dam,https://feeds.bbci.co.uk/news/world/rss.xml
2026-01-07,Watch: Moment 400-pound runaway prop injures Disney employee,https://feeds.bbci.co.uk/news/world/rss.xml
2026-01-07,"What are Russians hoping for in 2026, asks Steve Rosenberg",https://feeds.bbci.co.uk/news/world/rss.xml
2026-01-07,LIVE: Yemen’s STC leader al-Zubaidi dismissed after ‘fleeing’ overnight,https://www.aljazeera.com/xml/rss/all.xml
2026-01-07,LIVE: Trump says Venezuela to hand over up to 50m barrels of oil to US,https://www.aljazeera.com/xml/rss/all.xml
2026-01-07,China bans export of dual-use items to Japan amid tensions over Taiwan,https://www.aljazeera.com/xml/rss/all.xml
2026-01-07,"How strong are Latin America’s military forces, as they face US threats?",https://www.aljazeera.com/xml/rss/all.xml
2026-01-07,"Israeli forces kill two in Lebanon, ahead of truce monitors meeting",https://www.aljazeera.com/xml/rss/all.xml
2026-01-07,"Saudi-led coalition strikes Yemen, says STC leader al-Zubaidi has fled",https://www.aljazeera.com/xml/rss/all.xml
2026-01-07,Fact-checking Trump on promised US oil company investment in Venezuela,https://www.aljazeera.com/xml/rss/all.xml
2026-01-07,"Russia-Ukraine war: List of key events, day 1,413",https://www.aljazeera.com/xml/rss/all.xml
2026-01-07,Trump’s attacks on Venezuela put Mexico on edge,https://www.aljazeera.com/xml/rss/all.xml
2026-01-07,US says military ‘always an option’ in Greenland as Europe rejects threats,https://www.aljazeera.com/xml/rss/all.xml
2026-01-07,Trump says Venezuela to hand over up to 50 million barrels of oil to US,https://www.aljazeera.com/xml/rss/all.xml
2026-01-07,"Price hikes, queues and tension: Venezuela shoppers uneasy after US bombing",https://www.aljazeera.com/xml/rss/all.xml
2026-01-07,"Rodriguez says ‘no foreign agent’ running Venezuela, US role still unclear",https://www.aljazeera.com/xml/rss/all.xml
2026-01-07,Brazil’s Bolsonaro denied hospital visit after hitting head in prison fall,https://www.aljazeera.com/xml/rss/all.xml
2026-01-07,Protests grow as Iran’s government makes meager offer amid tanking economy,https://www.aljazeera.com/xml/rss/all.xml
2026-01-07,"Truck crash in Ethiopia kills 22 people, dozens hurt",https://www.aljazeera.com/xml/rss/all.xml
2026-01-07,Success in Saudi-hosted Spanish Super Cup will give Barcelona ‘energy’,https://www.aljazeera.com/xml/rss/all.xml
2026-01-07,Ivory Coast meet Egypt in 2025 AFCON quarters after easing by Burkina Faso,https://www.aljazeera.com/xml/rss/all.xml
2026-01-07,US Supreme Court expected to rule on tariffs on Friday,https://www.aljazeera.com/xml/rss/all.xml
2026-01-07,"Maduro abduction shows influence, limits of US Secretary of State Rubio",https://www.aljazeera.com/xml/rss/all.xml
2026-01-07,"Macron, Starmer, Zelenskyy sign Ukraine troop deployment pact",https://www.aljazeera.com/xml/rss/all.xml
2026-01-07,What does Israel’s recognition of Somaliland mean for the region?,https://www.aljazeera.com/xml/rss/all.xml
2026-01-07,Deadly clashes between Syrian troops and Kurdish-led fighters in Aleppo,https://www.aljazeera.com/xml/rss/all.xml
2026-01-07,Birzeit University raid seen as warning against Palestinian defiance,https://www.aljazeera.com/xml/rss/all.xml
2026-01-07,Dramatic late Algeria winner sets up Nigeria quarterfinal at 2025 AFCON,https://www.aljazeera.com/xml/rss/all.xml
2026-01-07,Learner drivers may have to wait six months before taking test,https://feeds.bbci.co.uk/news/business/rss.xml
2026-01-07,"Fujitsu 'not a parasite' for profiting after Horizon scandal, says boss",https://feeds.bbci.co.uk/news/business/rss.xml
2026-01-07,Next raises profit forecast to £1.15bn after bumper Christmas sales,https://feeds.bbci.co.uk/news/business/rss.xml
2026-01-07,The 'magical' blue flower changing farmers' fortunes in India,https://feeds.bbci.co.uk/news/business/rss.xml
2026-01-07,Drivers over 70 to face eye tests every three years,https://feeds.bbci.co.uk/news/business/rss.xml
2026-01-07,"Electric car discounts are unsustainable, says industry group",https://feeds.bbci.co.uk/news/business/rss.xml
2026-01-07,Claire's and The Original Factory Shop to enter administration,https://feeds.bbci.co.uk/news/business/rss.xml
2026-01-07,Car giant Hyundai to use human-like robots in factories,https://feeds.bbci.co.uk/news/business/rss.xml
2026-01-07,"Anonymous crypto gambler made $436,000 on Maduro capture",https://feeds.bbci.co.uk/news/business/rss.xml
2026-01-07,Why are more gamers than ever playing the 2000s classic RuneScape?,https://feeds.bbci.co.uk/news/business/rss.xml
2026-01-07,Ofcom asks X about reports its Grok AI makes sexualised images of children,https://feeds.bbci.co.uk/news/business/rss.xml
2026-01-07,US oil companies gain after seizure of Venezuela's Maduro,https://feeds.bbci.co.uk/news/business/rss.xml
2026-01-07,What's behind PM's notable shift on closer ties to Europe?,https://feeds.bbci.co.uk/news/business/rss.xml
2026-01-07,Junk food TV and online advert ban comes into force,https://feeds.bbci.co.uk/news/business/rss.xml
2026-01-07,Trump wants Venezuela's oil. Will his plan work?,https://feeds.bbci.co.uk/news/business/rss.xml
2026-01-07,The French university where spies go for training,https://feeds.bbci.co.uk/news/business/rss.xml
2026-01-07,Dreading going back to work? How to ease the post-Christmas return,https://feeds.bbci.co.uk/news/business/rss.xml
2026-01-07,How UK plush toy Jellycat conquered China,https://feeds.bbci.co.uk/news/business/rss.xml
2026-01-07,How the defence sector is battling a skills crisis,https://feeds.bbci.co.uk/news/business/rss.xml
2026-01-07,Swedish workers trial 'friendship hour' to combat loneliness,https://feeds.bbci.co.uk/news/business/rss.xml
2026-01-07,The showers and baths keeping data centre tech cool,https://feeds.bbci.co.uk/news/business/rss.xml
2026-01-07,Why Croatia's capital wants to hold Europe's best Christmas market,https://feeds.bbci.co.uk/news/business/rss.xml
2026-01-07,Will tech trump tradition at bakers and biscuit makers?,https://feeds.bbci.co.uk/news/business/rss.xml
2026-01-07,"Should more be done to tackle 'ghost jobs', vacancies that don't exist?",https://feeds.bbci.co.uk/news/business/rss.xml
2026-01-07,Why this month's inflation figure may be good news for you,https://feeds.bbci.co.uk/news/business/rss.xml
2026-01-07,Meet the biggest heat pumps in the world,https://feeds.bbci.co.uk/news/business/rss.xml
2026-01-07,"Target 'divisive' Reform in 2026, Keir Starmer tells ministers",https://feeds.bbci.co.uk/news/business/rss.xml
2026-01-07,Warm Welcome helps fight cold and isolation,https://feeds.bbci.co.uk/news/business/rss.xml
2026-01-07,'We became best friends at a warm hub',https://feeds.bbci.co.uk/news/business/rss.xml
2026-01-07,Families 'not aware' of winter fuel eligibility,https://feeds.bbci.co.uk/news/business/rss.xml
2026-01-07,Warning against 'systematic reliance' on reserves,https://feeds.bbci.co.uk/news/business/rss.xml
2026-01-07,Budget 2025: What's the best and worst that could happen for Labour?,https://feeds.bbci.co.uk/news/business/rss.xml
2026-01-07,Has Britain's budget watchdog become too all-powerful?,https://feeds.bbci.co.uk/news/business/rss.xml
2026-01-07,The curious case of why Poundland is struggling during a cost-of-living crisis,https://feeds.bbci.co.uk/news/business/rss.xml
2026-01-07,The £5.30 orange juice that tells the story of why supermarket prices are sky high,https://feeds.bbci.co.uk/news/business/rss.xml
2026-01-07,How Milei's 'Thatcherite' economics divided his nation - but won over Trump,https://feeds.bbci.co.uk/news/business/rss.xml
2026-01-07,What does TikTok's deal mean for America's users?,https://feeds.bbci.co.uk/news/business/rss.xml
2026-01-07,Who are the winners and losers of the interest rate cut?,https://feeds.bbci.co.uk/news/business/rss.xml
2026-01-07,Trump says Venezuela will turn over oil to US,https://www.ft.com/rss/home
2026-01-07,Hedge funds hunt for Venezuela’s unpaid financial claims,https://www.ft.com/rss/home
2026-01-07,Polymarket refuses to pay bets that US would ‘invade’ Venezuela,https://www.ft.com/rss/home
2026-01-07,Cuba: what is left for Trump to topple?,https://www.ft.com/rss/home
2026-01-07,Don’t be fooled — everything has changed for the global economy,https://www.ft.com/rss/home
2026-01-07,Watch out for America’s activist attorneys-general,https://www.ft.com/rss/home
2026-01-07,US says using military is among ‘options’ to acquire Greenland,https://www.ft.com/rss/home
2026-01-07,Chevron and Quantum Energy Partners line up bid for $22bn of Lukoil assets,https://www.ft.com/rss/home
2026-01-07,Meloni plans overhaul of Italy’s voting system to aid re-election bid,https://www.ft.com/rss/home
2026-01-07,European banks poised for €30bn interest income rebound,https://www.ft.com/rss/home
2026-01-07,"McKinsey and General Catalyst execs say the era of ‘learn once, work forever’ is over",https://techcrunch.com/feed/
2026-01-07,Meta’s Manus news is getting different receptions in Washington and Beijing,https://techcrunch.com/feed/
2026-01-07,"CES 2026: Everything revealed, from Nvidia’s debuts to AMD’s new chips to Razer’s AI oddities",https://techcrunch.com/feed/
2026-01-07,Wearable health devices could generate a million tons of e-waste by 2050,https://techcrunch.com/feed/
2026-01-07,A viral Reddit post alleging fraud from a food delivery app turned out to be AI-generated,https://techcrunch.com/feed/
2026-01-07,Mobileye acquires humanoid robot startup Mentee Robotics for $900M,https://techcrunch.com/feed/
2026-01-07,xAI says it raised $20B in Series E funding,https://techcrunch.com/feed/
2026-01-07,California lawmaker proposes a four-year ban on AI chatbots in kids’ toys,https://techcrunch.com/feed/
2026-01-07,The most bizarre tech announced so far at CES 2026,https://techcrunch.com/feed/
2026-01-07,Intel is building a handheld gaming platform including a dedicated chip,https://techcrunch.com/feed/
2026-01-07,LMArena lands $1.7B valuation four months after launching its product,https://techcrunch.com/feed/
2026-01-07,Founder of spyware maker pcTattletale pleads guilty to hacking and advertising surveillance software,https://techcrunch.com/feed/
2026-01-07,How World Cup champion Mario Götze built a parallel career as an angel investor,https://techcrunch.com/feed/
2026-01-07,Threads is developing in-message games,https://techcrunch.com/feed/
2026-01-07,"Commonwealth Fusion Systems installs reactor magnet, lands deal with Nvidia",https://techcrunch.com/feed/
2026-01-07,Meta pauses international expansion of its Ray-Ban Display glasses,https://techcrunch.com/feed/
2026-01-07,"Amazon’s Ring doorbells get fire alerts, an app store, and new sensors",https://techcrunch.com/feed/
2026-01-07,Narwal adds AI to its vacuum cleaners to monitor pets and find jewelry,https://techcrunch.com/feed/
2026-01-07,AMD unveils new AI PC processors for general use and gaming at CES,https://techcrunch.com/feed/
2026-01-07,Insight Partners sued by former vice president Kate Lowry,https://techcrunch.com/feed/
2026-01-07,The biggest Nvidia announcements at CES 2026,https://www.theverge.com/rss/index.xml
2026-01-07,The best laptop deals you can get right now,https://www.theverge.com/rss/index.xml
2026-01-07,AI moves into the real world as companion robots and pets,https://www.theverge.com/rss/index.xml
2026-01-07,This robot pool cleaner lifts itself out of the water to charge,https://www.theverge.com/rss/index.xml
2026-01-07,Power bank feature creep is out of control,https://www.theverge.com/rss/index.xml
2026-01-07,This 16-inch laptop is so light I can easily lift it with three fingers,https://www.theverge.com/rss/index.xml
2026-01-07,Asus’ Zenbook Duo dual-screen laptop gets Intel’s new chip and a more seamless hinge,https://www.theverge.com/rss/index.xml
2026-01-07,Asus made a GoPro-inspired ProArt PX13 laptop,https://www.theverge.com/rss/index.xml
2026-01-07,Roborock launches its first robot lawn mower in the US,https://www.theverge.com/rss/index.xml
2026-01-07,Roborock’s new Saros 20 robot vacuum cleaners got a climbing upgrade,https://www.theverge.com/rss/index.xml
2026-01-07,LegalZoom Promo Code: Exclusive 10% Off LLC Formations,https://www.wired.com/feed/rss
2026-01-07,60% Off Groupon Promo Code | January 2026,https://www.wired.com/feed/rss
2026-01-07,Paramount Plus Coupon Codes and Deals: 50% Off,https://www.wired.com/feed/rss
2026-01-07,20% Off Sephora Promo Code | January 2026,https://www.wired.com/feed/rss
2026-01-07,20% Off LG Promo Code & Coupons | January 2026,https://www.wired.com/feed/rss
2026-01-07,Vitamix Promo Codes and Deals: $25 Off + Free Shipping,https://www.wired.com/feed/rss
2026-01-07,Home Chef Promo Code: 50% Off,https://www.wired.com/feed/rss
2026-01-07,Lenovo’s Legion Pro Rollable Gaming Laptop Goes Ultrawide at the Press of a Key,https://www.wired.com/feed/rss
2026-01-07,"Motorola Razr Fold Book-Style Foldable: Specs, Details, Release Date",https://www.wired.com/feed/rss
2026-01-07,Grok Is Pushing AI ‘Undressing’ Mainstream,https://www.wired.com/feed/rss
2026-01-07,The Inevitable Rise of the Art TV,https://www.wired.com/feed/rss
2026-01-07,"The 57 Best Shows on Disney+, WIRED’s Picks (January 2026)",https://www.wired.com/feed/rss
2026-01-07,These Luxurious Headphones Are Almost Half Off,https://www.wired.com/feed/rss
2026-01-07,‘Industry’ Takes on the Age Verification Wars,https://www.wired.com/feed/rss
2026-01-07,Steve Jobs’ Early Apple Items Are Going Up for Auction—Along With His Bow Ties,https://www.wired.com/feed/rss
2026-01-07,Ring and Watch Duty Team Up to Keep a Closer Eye on Wildfires,https://www.wired.com/feed/rss
2026-01-07,Winter Bird Feeding Tips for the Peak of Bird Watching Season (2026),https://www.wired.com/feed/rss
2026-01-07,The Newest Health Trend Is Tracking Your Pee,https://www.wired.com/feed/rss
2026-01-07,Margaret Atwood on Doomscrolling: ‘I Want to Keep Up With the Latest Doom’,https://www.wired.com/feed/rss
2026-01-07,"13 Best Tablets (2026), Tested and Reviewed",https://www.wired.com/feed/rss
2026-01-07,6 Best Gym Bags for Every Workout and Commute (2026),https://www.wired.com/feed/rss
2026-01-07,The Best Ventless Fireplaces for Cozy Vibes (2026),https://www.wired.com/feed/rss
2026-01-07,The 3 Keys to Understanding Trump’s Retro Coup in Venezuela,https://www.wired.com/feed/rss
2026-01-07,"CES Live Blog, Day 2: More of the Coolest Tech We’ve Seen",https://www.wired.com/feed/rss
2026-01-07,Jensen Huang Says Nvidia’s New Vera Rubin Chips Are in ‘Full Production’,https://www.wired.com/feed/rss
2026-01-07,Google Gemini Is Taking Control of Humanoid Robots on Auto Factory Floors,https://www.wired.com/feed/rss
2026-01-07,These On-Ear Beats Headphones Are Marked Down by $70,https://www.wired.com/feed/rss
2026-01-07,Lego’s Smart Brick Gives the Iconic Analog Toy a New Digital Brain,https://www.wired.com/feed/rss
2026-01-07,Samsung Galaxy Z Trifold Hands-On: This Is the Phone-Tablet Hybrid You’re Looking For,https://www.wired.com/feed/rss
2026-01-07,‘Shogun’ Creator Says Season 2 ‘Defies Expectations’,https://www.wired.com/feed/rss
2026-01-07,Magnesium Supplements Crash Course (2026): Benefits and Side Effects,https://www.wired.com/feed/rss
2026-01-07,"9 Best Cat Water Fountains, WIRED-Tested and Reviewed (2025)",https://www.wired.com/feed/rss
2026-01-07,AI Deepfakes Are Impersonating Pastors to Try to Scam Their Congregations,https://www.wired.com/feed/rss
2026-01-07,"At CES 2026, Everything Is AI. What Matters Is How You Use It",https://www.wired.com/feed/rss
2026-01-07,"I Switched to eSIM, and I Am Full of Regret",https://www.wired.com/feed/rss
2026-01-07,Flu Is Relentless. Crispr Might Be Able to Shut It Down,https://www.wired.com/feed/rss
2026-01-07,Trump Wants Venezuela’s Oil. Getting It Might Not Be So Simple,https://www.wired.com/feed/rss
2026-01-07,15 Best Electrolyte Powders (2026): Tasty and Effective,https://www.wired.com/feed/rss
2026-01-07,A New Bridge Links the Strange Math of Infinity to Computer Science,https://www.wired.com/feed/rss
2026-01-07,"Protein Bars: Gluten-Free, Whole Foods, Fiber (2026)",https://www.wired.com/feed/rss
2026-01-07,8 WhatsApp Features to Boost Your Security and Privacy,https://www.wired.com/feed/rss
2026-01-07,You’ve Got a Public Reddit Profile. Here’s How to Curate It,https://www.wired.com/feed/rss
2026-01-07,Womanizer Coupons: Save 15% in January,https://www.wired.com/feed/rss
2026-01-07,AirDoctor Coupon Codes: 40% Off | January 2026,https://www.wired.com/feed/rss
2026-01-07,Western Digital Promo Code: 10% Off,https://www.wired.com/feed/rss
2026-01-07,Hydrow Discount Code: Save Up to $150 | January 2026,https://www.wired.com/feed/rss
2026-01-07,Hulu Promo Codes & Discounts: 20% Off January,https://www.wired.com/feed/rss
2026-01-07,eBay Coupon Codes and Deals: Up to 60% Off Select Items,https://www.wired.com/feed/rss
2026-01-07,Bose Promo Code: 40% Off Bose for January 2026,https://www.wired.com/feed/rss
2026-01-07,What Happens Next in Venezuela—and the Rest of Latin America?,https://www.wired.com/feed/rss
2026-01-07,Rubio Tells Lawmakers Trump Wants to Buy Greenland - The New York Times,https://news.google.com/rss?hl=en-US&gl=US&ceid=US:en
2026-01-07,"Shooter who killed Brown students and MIT professor planned attack for years, DOJ says - AP News",https://news.google.com/rss?hl=en-US&gl=US&ceid=US:en
2026-01-07,Trump warns Republicans they have to win midterms or he'll 'get impeached' - ABC News,https://news.google.com/rss?hl=en-US&gl=US&ceid=US:en
2026-01-07,Trump administration tells 5 states their child care funds have been frozen - Axios,https://news.google.com/rss?hl=en-US&gl=US&ceid=US:en
2026-01-07,White House publishes website that rewrites history of Jan. 6 attack - The Washington Post,https://news.google.com/rss?hl=en-US&gl=US&ceid=US:en
2026-01-07,"Aldrich Ames, C.I.A. Turncoat Who Helped the Soviets, Dies at 84 - The New York Times",https://news.google.com/rss?hl=en-US&gl=US&ceid=US:en
2026-01-07,"Uvalde officer was told location of gunman but he failed to act, prosecutors say - ABC News",https://news.google.com/rss?hl=en-US&gl=US&ceid=US:en
2026-01-07,Ray Jayawardhana Appointed Caltech's Tenth President - Caltech,https://news.google.com/rss?hl=en-US&gl=US&ceid=US:en
2026-01-07,Russia sends navy ships to guard oil tanker being pursued by US forces - BBC,https://news.google.com/rss?hl=en-US&gl=US&ceid=US:en
2026-01-07,"Michael Reagan, son of former President Ronald Reagan, has died, family says - ABC News",https://news.google.com/rss?hl=en-US&gl=US&ceid=US:en
2026-01-07,"Saudi-led coalition strikes Yemen, says STC leader al-Zubaidi has fled - Al Jazeera",https://news.google.com/rss?hl=en-US&gl=US&ceid=US:en
2026-01-07,"Target 'divisive' Reform in 2026, Keir Starmer tells ministers - BBC",https://news.google.com/rss?hl=en-US&gl=US&ceid=US:en
2026-01-07,"As Venezuela buckles under Trump, Iran sees an uncomfortable parallel - CNN",https://news.google.com/rss?hl=en-US&gl=US&ceid=US:en
2026-01-07,Pope Leo XIV closes 2025 Holy Year with critique of consumerism and xenophobia - NBC News,https://news.google.com/rss?hl=en-US&gl=US&ceid=US:en
2026-01-07,The most bizarre tech announced so far at CES 2026 - TechCrunch,https://news.google.com/rss?hl=en-US&gl=US&ceid=US:en
2026-01-07,Trump Policies Power U.S. Auto Sales to Best Year Since 2019 — Proving “Experts” Wrong (Again) - The White House (.gov),https://news.google.com/rss?hl=en-US&gl=US&ceid=US:en
2026-01-07,Hyundai Motor Group plans to deploy humanoid robots at U.S. factory from 2028 - CNBC,https://news.google.com/rss?hl=en-US&gl=US&ceid=US:en
2026-01-07,4 money moves to make in response to the events in Venezuela - CNBC,https://news.google.com/rss?hl=en-US&gl=US&ceid=US:en
2026-01-07,Robot Vacuum Maker Roborock Shows Off Stair-Climbing Model With Legs - Bloomberg.com,https://news.google.com/rss?hl=en-US&gl=US&ceid=US:en
2026-01-07,HP’s EliteBoard G1a is a Ryzen-powered Windows 11 PC in a membrane keyboard - Ars Technica,https://news.google.com/rss?hl=en-US&gl=US&ceid=US:en
2026-01-07,"XGIMI, best known for projectors, launches its own smart glasses - Engadget",https://news.google.com/rss?hl=en-US&gl=US&ceid=US:en
2026-01-07,The Inevitable Rise of the Art TV - WIRED,https://news.google.com/rss?hl=en-US&gl=US&ceid=US:en
2026-01-07,‘The Pitt’ Season 2’s Episode Release Schedule Is A Dream - Forbes,https://news.google.com/rss?hl=en-US&gl=US&ceid=US:en
2026-01-07,"Mickey Rourke Declines $100,000 in Donations After His Eviction - The New York Times",https://news.google.com/rss?hl=en-US&gl=US&ceid=US:en
2026-01-07,Diane Keaton's daughter shares tattoo she got to honor late actress - ABC News,https://news.google.com/rss?hl=en-US&gl=US&ceid=US:en
2026-01-07,‘Industry’ Takes on the Age Verification Wars - WIRED,https://news.google.com/rss?hl=en-US&gl=US&ceid=US:en
2026-01-07,"Lakers 111-103 Pelicans (Jan 6, 2026) Game Recap - ESPN",https://news.google.com/rss?hl=en-US&gl=US&ceid=US:en
2026-01-07,Miami 'confident' DT Moten will play vs. Ole Miss - ESPN,https://news.google.com/rss?hl=en-US&gl=US&ceid=US:en
2026-01-07,Top prospect Peterson forces OT in wild KU rally - ESPN,https://news.google.com/rss?hl=en-US&gl=US&ceid=US:en
2026-01-07,5 takeaways from Dan Quinn and Adam Peters' joint press conference - Washington Commanders,https://news.google.com/rss?hl=en-US&gl=US&ceid=US:en
2026-01-07,"Jupiter's moon Europa lacks the undersea activity needed to support life, study suggests - Phys.org",https://news.google.com/rss?hl=en-US&gl=US&ceid=US:en
2026-01-07,"NASA's Hubble Space Telescope Observations Resolve ""One Of The Biggest Mysteries"" About Betelgeuse - IFLScience",https://news.google.com/rss?hl=en-US&gl=US&ceid=US:en
2026-01-07,Great News for NASA in the House-Senate FY2026 Appropriations Report - SpacePolicyOnline.com,https://news.google.com/rss?hl=en-US&gl=US&ceid=US:en
2026-01-07,Jellyfish sleep like humans — even though they don’t have brains - Nature,https://news.google.com/rss?hl=en-US&gl=US&ceid=US:en
2026-01-07,Day 3: Try a Brain-Boosting Workout - The New York Times,https://news.google.com/rss?hl=en-US&gl=US&ceid=US:en
2026-01-07,Backyard flock in Franklin County tests positive for bird flu - WRAL,https://news.google.com/rss?hl=en-US&gl=US&ceid=US:en
2026-01-07,"Flu cases jump in Arlington, prompting calls for more vaccinations - ARLnow",https://news.google.com/rss?hl=en-US&gl=US&ceid=US:en
2026-01-07,Full-blown agony: my battle against the mysterious pain of cluster headaches - The Guardian,https://news.google.com/rss?hl=en-US&gl=US&ceid=US:en
2026-01-07,A look at the new technology announced on Day 1 of CES 2026 - PBS,https://news.google.com/rss/search?q=technology&hl=en-US&gl=US&ceid=US:en
2026-01-07,The most successful information technology in history is the one we barely notice - Big Think,https://news.google.com/rss/search?q=technology&hl=en-US&gl=US&ceid=US:en
2026-01-07,Delta CIO Rahul Samant to retire after leading technology transformation - Delta News Hub,https://news.google.com/rss/search?q=technology&hl=en-US&gl=US&ceid=US:en
2026-01-07,Mercy Medical Center makes history with new breast cancer surgery technology - KCRG,https://news.google.com/rss/search?q=technology&hl=en-US&gl=US&ceid=US:en
2026-01-07,Assistive technology makes art accessible to all at Cascadia Elementary - Cascadia Daily News,https://news.google.com/rss/search?q=technology&hl=en-US&gl=US&ceid=US:en
2026-01-07,Lego unveils tech-filled Smart Bricks - to play experts' unease - BBC,https://news.google.com/rss/search?q=technology&hl=en-US&gl=US&ceid=US:en
2026-01-07,Iconic children's toy brand goes high-tech to bring creations 'to life' without screens - Fox Business,https://news.google.com/rss/search?q=technology&hl=en-US&gl=US&ceid=US:en
2026-01-07,Can LEGO overcome its chequered history of melding technology and bricks? - Jay's Brick Blog,https://news.google.com/rss/search?q=technology&hl=en-US&gl=US&ceid=US:en
2026-01-07,Wegmans’ use of facial recognition technology in stores raises questions - 13wham.com,https://news.google.com/rss/search?q=technology&hl=en-US&gl=US&ceid=US:en
2026-01-07,ICE Is Using Facial-Recognition Technology to Quickly Arrest People - The Wall Street Journal,https://news.google.com/rss/search?q=technology&hl=en-US&gl=US&ceid=US:en
2026-01-07,Wegmans using facial recognition technology in 'a small fraction' of stores across multiple states - WXXI News,https://news.google.com/rss/search?q=technology&hl=en-US&gl=US&ceid=US:en
2026-01-07,Bayer sues COVID vaccine makers over mRNA technology - Reuters,https://news.google.com/rss/search?q=technology&hl=en-US&gl=US&ceid=US:en
2026-01-07,L’Oréal Groupe Introduces New Technology-Driven Products For Hair And Skin - Forbes,https://news.google.com/rss/search?q=technology&hl=en-US&gl=US&ceid=US:en
2026-01-07,New car prices climb as safety technology fuels debate - Spectrum Bay News 9,https://news.google.com/rss/search?q=technology&hl=en-US&gl=US&ceid=US:en
2026-01-07,"Ohio University announces retirement of Robert 'Bob' Silva Jr., director of Technology Transfer - Ohio University",https://news.google.com/rss/search?q=technology&hl=en-US&gl=US&ceid=US:en
2026-01-07,Graduate School of Technology International Student Information Session - Touro University,https://news.google.com/rss/search?q=technology&hl=en-US&gl=US&ceid=US:en
2026-01-07,"Tampa Police Department rolls out AI technology to help officers, dispatchers - FOX 13 Tampa Bay",https://news.google.com/rss/search?q=technology&hl=en-US&gl=US&ceid=US:en
2026-01-07,"Joint Energy & Environment & AI, Technology & Innovation Policy Committee Meeting - February 6 - New Jersey Business & Industry Association",https://news.google.com/rss/search?q=technology&hl=en-US&gl=US&ceid=US:en
2026-01-07,Investing in Innovation: New Technology Expands Reach of Simulation Training - news.uthsc.edu,https://news.google.com/rss/search?q=technology&hl=en-US&gl=US&ceid=US:en
2026-01-07,School of Information Technology faculty led only INSuRE Summer Workshop in country in 2025 - Illinois State University News,https://news.google.com/rss/search?q=technology&hl=en-US&gl=US&ceid=US:en
2026-01-07,"N.J. Keeps Technology Leader, Creates Innovation Group - GovTech",https://news.google.com/rss/search?q=technology&hl=en-US&gl=US&ceid=US:en
2026-01-07,Provost Ray Jayawardhana named president of the California Institute of Technology - Johns Hopkins University,https://news.google.com/rss/search?q=technology&hl=en-US&gl=US&ceid=US:en
2026-01-07,How Dakota State is building a workforce for the technology-driven future - SiouxFalls.Business,https://news.google.com/rss/search?q=technology&hl=en-US&gl=US&ceid=US:en
2026-01-07,Craig Anderton’s Open Channel: Has Music Technology Made Us…Lazy? - Mixonline,https://news.google.com/rss/search?q=technology&hl=en-US&gl=US&ceid=US:en
2026-01-07,What’s next for AI in 2026 - MIT Technology Review,https://news.google.com/rss/search?q=technology&hl=en-US&gl=US&ceid=US:en
2026-01-07,"Samsung Reimagines the Future of Design at CES 2026, Guiding Technology for Humanity - PR Newswire",https://news.google.com/rss/search?q=technology&hl=en-US&gl=US&ceid=US:en
2026-01-07,Two bills on technology use in schools announced for 2026 legislative session - ABC4 Utah,https://news.google.com/rss/search?q=technology&hl=en-US&gl=US&ceid=US:en
2026-01-07,Graduate School of Technology Online Info Session - Touro University,https://news.google.com/rss/search?q=technology&hl=en-US&gl=US&ceid=US:en
2026-01-07,Lakeland pioneers AI sensor technology to fix crumbling roadways - FOX 13 Tampa Bay,https://news.google.com/rss/search?q=technology&hl=en-US&gl=US&ceid=US:en
2026-01-07,"Dreame Technology to Unveil Its Whole-Home Smart Ecosystem of Breakthrough Technologies at CES 2026 with ""All Dreams in One Dreame"" Vision - PR Newswire",https://news.google.com/rss/search?q=technology&hl=en-US&gl=US&ceid=US:en
2026-01-07,"One year after LA fires: California deploys firefighting resources and advanced technology, accelerates prevention efforts | Cal OES News - Cal OES News (.gov)",https://news.google.com/rss/search?q=technology&hl=en-US&gl=US&ceid=US:en
2026-01-07,"How technology can empower, not replace, advisors - InvestmentNews",https://news.google.com/rss/search?q=technology&hl=en-US&gl=US&ceid=US:en
2026-01-07,David Jackson Takes on New Role as Chief Technology Officer at ePromos - members.asicentral.com,https://news.google.com/rss/search?q=technology&hl=en-US&gl=US&ceid=US:en
2026-01-07,Tampa police roll out new AI technology to improve safety and real-time responses - wtsp.com,https://news.google.com/rss/search?q=technology&hl=en-US&gl=US&ceid=US:en
2026-01-07,Stord buys Shipwire to expand global fulfillment and technology footprint - Digital Commerce 360,https://news.google.com/rss/search?q=technology&hl=en-US&gl=US&ceid=US:en
2026-01-07,SOF at Speed: Technology and Warfighter Health Converge for Next-Gen Missions - MeriTalk,https://news.google.com/rss/search?q=technology&hl=en-US&gl=US&ceid=US:en
2026-01-07,"Tampa police unveil new tech­nology for 2026, including expansion of body cameras - Spectrum Bay News 9",https://news.google.com/rss/search?q=technology&hl=en-US&gl=US&ceid=US:en
2026-01-07,How Operation Sindoor Defined a New Era of Technology in Defence - sify.com,https://news.google.com/rss/search?q=technology&hl=en-US&gl=US&ceid=US:en
2026-01-07,Facial recognition technology sparks concern at NYC Wegmans supermarkets - PIX11,https://news.google.com/rss/search?q=technology&hl=en-US&gl=US&ceid=US:en
2026-01-07,The Bond Factor: Why stronger connections are driving technology adoption in veterinary care - DVM360,https://news.google.com/rss/search?q=technology&hl=en-US&gl=US&ceid=US:en
2026-01-07,Policy trends in technology and telecommunications in 2026 - Telefónica,https://news.google.com/rss/search?q=technology&hl=en-US&gl=US&ceid=US:en
2026-01-07,Investing in the promise of quantum - MIT Technology Review,https://news.google.com/rss/search?q=technology&hl=en-US&gl=US&ceid=US:en
2026-01-07,Report claims driver exoneration a key reason for using safety technology - Recycling Today,https://news.google.com/rss/search?q=technology&hl=en-US&gl=US&ceid=US:en
2026-01-07,Netcapital Acquires Iverson Design Assets and Proprietary AI Design Technology Suite - citybiz,https://news.google.com/rss/search?q=technology&hl=en-US&gl=US&ceid=US:en
2026-01-07,Tampa police unveils new AI-powered technology - FOX 13 Tampa Bay,https://news.google.com/rss/search?q=technology&hl=en-US&gl=US&ceid=US:en
2026-01-07,Assessing Micron Technology (MU) Valuation After A Strong Month Of Share Price Momentum - Yahoo Finance,https://news.google.com/rss/search?q=technology&hl=en-US&gl=US&ceid=US:en
2026-01-07,"Microchip Technology, NXP Semiconductors, Texas Instruments, Western Digital, and Allegro MicroSystems Stocks Trade Up, What You Need To Know - Yahoo Finance",https://news.google.com/rss/search?q=technology&hl=en-US&gl=US&ceid=US:en
2026-01-07,Why Microchip Technology Rallied Double-Digits Today - The Motley Fool,https://news.google.com/rss/search?q=technology&hl=en-US&gl=US&ceid=US:en
2026-01-07,Palisades Fire anniversary: LAFD Chief Moore touts use of drone technology ahead of anniversary of wildfires - ABC7 Los Angeles,https://news.google.com/rss/search?q=technology&hl=en-US&gl=US&ceid=US:en
2026-01-07,"Stock Market Today, Jan. 6: Micron Technology Surges on AI Memory Demand - Nasdaq",https://news.google.com/rss/search?q=technology&hl=en-US&gl=US&ceid=US:en
2026-01-07,New technology unveiled at CES in Las Vegas - KTVU,https://news.google.com/rss/search?q=technology&hl=en-US&gl=US&ceid=US:en
2026-01-07,"AI Doesn't Fail Because of Technology, It Fails When Humans Misunderstand Each Other - International Business Times",https://news.google.com/rss/search?q=technology&hl=en-US&gl=US&ceid=US:en
2026-01-07,"IEEE NVIDIA CEO Jensen Huang Awarded 2026 IEEE Medal of Honor, Technology’s Most Prestigious Recognition - EQS News",https://news.google.com/rss/search?q=technology&hl=en-US&gl=US&ceid=US:en
2026-01-07,"Technology’s Role in Building Cleaner, Healthier Communities - vocal.media",https://news.google.com/rss/search?q=technology&hl=en-US&gl=US&ceid=US:en
2026-01-07,Cardinal Group Selects Groove as Preferred Property Technology Partner - PR Newswire,https://news.google.com/rss/search?q=technology&hl=en-US&gl=US&ceid=US:en
2026-01-07,All Dreams in One Dreame at CES 2026: Dreame Technology Unveils X60 Ultra Series Alongside Industry-First Innovations to Redefine Smart Cleaning - PR Newswire,https://news.google.com/rss/search?q=technology&hl=en-US&gl=US&ceid=US:en
2026-01-07,Nvidia unveils self-driving car tech as part of physical AI push - BBC,https://news.google.com/rss/search?q=technology&hl=en-US&gl=US&ceid=US:en
2026-01-07,A Look At DXC Technology’s (DXC) Valuation After New Alpha Modus Kiosk Partnership - simplywall.st,https://news.google.com/rss/search?q=technology&hl=en-US&gl=US&ceid=US:en
2026-01-07,Building materials are getting closer to doubling as batteries - MIT Technology Review,https://news.google.com/rss/search?q=technology&hl=en-US&gl=US&ceid=US:en
2026-01-07,OSF Saint Anthony's Unveils Advanced Imaging Technology - RiverBender.com,https://news.google.com/rss/search?q=technology&hl=en-US&gl=US&ceid=US:en
2026-01-07,China reviews Meta’s $2bn purchase of AI start-up Manus - Financial Times,https://news.google.com/rss/search?q=technology&hl=en-US&gl=US&ceid=US:en
2026-01-07,Catalysts That Could Propel Micron Technology Stock to the Moon - Trefis,https://news.google.com/rss/search?q=technology&hl=en-US&gl=US&ceid=US:en
2026-01-07,Some Wegmans grocery stores using facial recognition technology - CBS News,https://news.google.com/rss/search?q=technology&hl=en-US&gl=US&ceid=US:en
2026-01-07,Technology in 2050 - experts give their predictions - BBC,https://news.google.com/rss/search?q=technology&hl=en-US&gl=US&ceid=US:en
2026-01-07,SoFi Technology Shares are Down More Than 10% — What’s Driving The Sell Off? - Stocktwits,https://news.google.com/rss/search?q=technology&hl=en-US&gl=US&ceid=US:en
2026-01-07,"Seagate Technology (STX) Shares Skyrocket, What You Need To Know - Yahoo Finance",https://news.google.com/rss/search?q=technology&hl=en-US&gl=US&ceid=US:en
2026-01-07,Bard bests Technology in low-scoring battle - Boys basketball recap - NJ.com,https://news.google.com/rss/search?q=technology&hl=en-US&gl=US&ceid=US:en
2026-01-07,The coolest technology from Day 1 of CES 2026 - Las Vegas Review-Journal,https://news.google.com/rss/search?q=technology&hl=en-US&gl=US&ceid=US:en
2026-01-07,China’s sensitive technology at risk after Trump abducts Venezuela leader Maduro - South China Morning Post,https://news.google.com/rss/search?q=technology&hl=en-US&gl=US&ceid=US:en
2026-01-07,CES 2026 Highlights Technology’s Potential for Health Care in Las Vegas - HME Business,https://news.google.com/rss/search?q=technology&hl=en-US&gl=US&ceid=US:en
2026-01-07,The coolest technology from Day 1 of CES 2026 - Messenger-Inquirer,https://news.google.com/rss/search?q=technology&hl=en-US&gl=US&ceid=US:en
2026-01-07,TPD can now see what you see during 911 calls with groundbreaking new technology - Tampa Bay 28,https://news.google.com/rss/search?q=technology&hl=en-US&gl=US&ceid=US:en
2026-01-07,Mercedes-Benz brings self-driving tech to US with MB Drive Assist Pro - USA Today,https://news.google.com/rss/search?q=technology&hl=en-US&gl=US&ceid=US:en
2026-01-07,Riseup Labs Unveils Groundbreaking Technology Solutions That Outlast Trends - Morningstar,https://news.google.com/rss/search?q=technology&hl=en-US&gl=US&ceid=US:en
2026-01-07,Why Microchip Technology Rallied Double-Digits Today - Nasdaq,https://news.google.com/rss/search?q=technology&hl=en-US&gl=US&ceid=US:en
2026-01-07,Wegmans using facial recognition technology in some stores - wivb.com,https://news.google.com/rss/search?q=technology&hl=en-US&gl=US&ceid=US:en
2026-01-07,"Tiger BioSciences Announces Acquisition of Advanced Wound Care Technology, Expanding Its Autologous Wound Dressing Therapy Capabilities - PR Newswire",https://news.google.com/rss/search?q=technology&hl=en-US&gl=US&ceid=US:en
2026-01-07,The coolest technology from Day 1 of CES 2026 - AP News,https://news.google.com/rss/search?q=technology&hl=en-US&gl=US&ceid=US:en
2026-01-07,The coolest technology from Day 2 of CES 2026 - The Independent,https://news.google.com/rss/search?q=technology&hl=en-US&gl=US&ceid=US:en
2026-01-07,Vicinity and Remote Hands Announce Strategic Partnership to Expand Technology Services Across Rural Alaska - Business Wire,https://news.google.com/rss/search?q=technology&hl=en-US&gl=US&ceid=US:en
2026-01-07,"Perovskite Technology Breaks New Ground! BILIGHT Debuts Three Disruptive Products at CES 2026, Reshaping the Home, Office, and Outdoor Energy Ecosystem - PR Newswire",https://news.google.com/rss/search?q=technology&hl=en-US&gl=US&ceid=US:en
2026-01-07,Is Credo Technology Still a Buy After 55% Gain in the Past 6 Months? - Nasdaq,https://news.google.com/rss/search?q=technology&hl=en-US&gl=US&ceid=US:en
2026-01-07,The coolest technology from Day 2 of CES 2026 - Toronto Star,https://news.google.com/rss/search?q=technology&hl=en-US&gl=US&ceid=US:en
2026-01-07,"The Worst Technology In Game Development Wants To Ruin Playing Them, Too - Inverse",https://news.google.com/rss/search?q=technology&hl=en-US&gl=US&ceid=US:en
2026-01-07,Assessing Align Technology (ALGN) Valuation After Recent Share Price Momentum And Mixed Returns - simplywall.st,https://news.google.com/rss/search?q=technology&hl=en-US&gl=US&ceid=US:en
2026-01-07,SQQQ: 2026 Will Be A Trading Year For Technology Growth And Make Your Hedge Ready - Seeking Alpha,https://news.google.com/rss/search?q=technology&hl=en-US&gl=US&ceid=US:en
2026-01-07,Tomorrow Golf League: Revolutionizing Golf with Technology and Team Play - golfpost.com,https://news.google.com/rss/search?q=technology&hl=en-US&gl=US&ceid=US:en
2026-01-07,A potted history of LEGO sets and technology - Brick Fanatics,https://news.google.com/rss/search?q=technology&hl=en-US&gl=US&ceid=US:en
2026-01-07,"Buying technology not enough, companies should build AI-ready workforce: Google Report - Tribune India",https://news.google.com/rss/search?q=technology&hl=en-US&gl=US&ceid=US:en
2026-01-07,U.S. scrambles to close ‘deep chasm’ in drone warfare after Ukraine lessons - Washington Times,https://news.google.com/rss/search?q=technology&hl=en-US&gl=US&ceid=US:en
2026-01-07,IKE Tech Partners with Charlie's Holdings to Deploy Industry's First AI-Powered Age-Gating Technology - The AI Journal,https://news.google.com/rss/search?q=technology&hl=en-US&gl=US&ceid=US:en
2026-01-07,"Microchip Technology (MCHP) Surges 11.6% on Net Sales Beat, Bright Outlook - Insider Monkey",https://news.google.com/rss/search?q=technology&hl=en-US&gl=US&ceid=US:en
2026-01-07,The coolest technology from Day 1 of CES 2026 - Decatur Daily,https://news.google.com/rss/search?q=technology&hl=en-US&gl=US&ceid=US:en
2026-01-07,Micron Technology introduces 3610 NVMe SSDs: World's first PCIe Gen5 QLC SSDs in M.2-2230 format with up to 4 TB - igor´sLAB,https://news.google.com/rss/search?q=technology&hl=en-US&gl=US&ceid=US:en
2026-01-07,The Fog of AI: What the Technology Means for Deterrence and War - Foreign Affairs,https://news.google.com/rss/search?q=technology&hl=en-US&gl=US&ceid=US:en
2026-01-07,Bayer sues COVID vaccine makers over mRNA technology - TradingView — Track All Markets,https://news.google.com/rss/search?q=technology&hl=en-US&gl=US&ceid=US:en
2026-01-07,"Technology, Social Media Quickly Changing How We Consume Sports - theleadsm.com",https://news.google.com/rss/search?q=technology&hl=en-US&gl=US&ceid=US:en
2026-01-07,Microchip Technology raises Q3 revenue forecast on strong bookings - Yahoo Finance,https://news.google.com/rss/search?q=technology&hl=en-US&gl=US&ceid=US:en
2026-01-07,SoFi Technology shares are down more than 10% — what’s driving the sell-off? - MSN,https://news.google.com/rss/search?q=technology&hl=en-US&gl=US&ceid=US:en
2026-01-07,Hong Kong bolsters efforts to attract global I&T talent: Updates to Technology Talent Admission Scheme - Human Resources Online,https://news.google.com/rss/search?q=technology&hl=en-US&gl=US&ceid=US:en
2026-01-07,Google co-founder moving business out of California ahead of proposed billionaire tax - Fox News,https://news.google.com/rss/search?q=business&hl=en-US&gl=US&ceid=US:en
2026-01-07,"Philippines' Jollibee plans spinoff, US listing of international business - Reuters",https://news.google.com/rss/search?q=business&hl=en-US&gl=US&ceid=US:en
2026-01-07,"‘Mexico should indeed be concerned’: Trump’s threats rattle Mexican officials, businesses - Politico",https://news.google.com/rss/search?q=business&hl=en-US&gl=US&ceid=US:en
2026-01-07,"I moved from California to Texas for love. After 6 months, I realized the state and relationship weren't right for me. - Business Insider",https://news.google.com/rss/search?q=business&hl=en-US&gl=US&ceid=US:en
2026-01-07,Trump said Venezuela stole America’s oil. Here’s what really happened - CNN,https://news.google.com/rss/search?q=business&hl=en-US&gl=US&ceid=US:en
2026-01-07,Lenovo at CES 2026: Smarter AI Meets Purposeful Business Innovation - Lenovo StoryHub,https://news.google.com/rss/search?q=business&hl=en-US&gl=US&ceid=US:en
2026-01-07,Germany news: Merz issues business SOS in letter to allies - DW,https://news.google.com/rss/search?q=business&hl=en-US&gl=US&ceid=US:en
2026-01-07,Exclusive | Newsom Waives a Fire-Rebuilding Hurdle for Businesses in State Park - The Wall Street Journal,https://news.google.com/rss/search?q=business&hl=en-US&gl=US&ceid=US:en
2026-01-07,Waterbury businesses get eviction notices despite active leases - WCAX,https://news.google.com/rss/search?q=business&hl=en-US&gl=US&ceid=US:en
2026-01-07,4 leadership lessons from Barry Diller: They don't teach this in business school - CNBC,https://news.google.com/rss/search?q=business&hl=en-US&gl=US&ceid=US:en
2026-01-07,Top small business ideas for 2026: Start & succeed - Wolters Kluwer,https://news.google.com/rss/search?q=business&hl=en-US&gl=US&ceid=US:en
2026-01-07,"North Bay Business Journal for Sonoma, Solano, Napa, Marin, Mendocino and Lake counties - The Press Democrat",https://news.google.com/rss/search?q=business&hl=en-US&gl=US&ceid=US:en
2026-01-07,Marine recruiters tell us how they forged signatures and faked records out of desperation to meet quotas - Business Insider,https://news.google.com/rss/search?q=business&hl=en-US&gl=US&ceid=US:en
2026-01-07,Florida State University celebrates grand opening of Herbert Wertheim Center for Business Excellence - Florida State University News,https://news.google.com/rss/search?q=business&hl=en-US&gl=US&ceid=US:en
2026-01-07,Altadena taco catering business owner fights to keep her dream alive - NBC Los Angeles,https://news.google.com/rss/search?q=business&hl=en-US&gl=US&ceid=US:en
2026-01-07,Sinnarajah named Nats President of Business Operations - MLB.com,https://news.google.com/rss/search?q=business&hl=en-US&gl=US&ceid=US:en
2026-01-07,Bowling Green business owner pushes for stronger anti-trafficking ordinance - WBKO,https://news.google.com/rss/search?q=business&hl=en-US&gl=US&ceid=US:en
2026-01-07,Nevada named top states for business strength in U.S. - KOLO | 8 News Now,https://news.google.com/rss/search?q=business&hl=en-US&gl=US&ceid=US:en
2026-01-07,Family seeking 2nd autopsy after Bulgarian Chicago business owner Nenko Gantchev dies in ICE custody - ABC7 Chicago,https://news.google.com/rss/search?q=business&hl=en-US&gl=US&ceid=US:en
2026-01-07,"Rep. Greg Smith admits ethics violation, fails to disclose business client - Salem Reporter",https://news.google.com/rss/search?q=business&hl=en-US&gl=US&ceid=US:en
2026-01-07,NKY Chamber seeks nominations to recognize success and strength in NKY business community - Northern Kentucky Tribune,https://news.google.com/rss/search?q=business&hl=en-US&gl=US&ceid=US:en
2026-01-07,Six 911 calls made after shootout between police & Semmes business owner - fox10tv.com,https://news.google.com/rss/search?q=business&hl=en-US&gl=US&ceid=US:en
2026-01-07,"NJBIA, Business Groups Urge Veto of Railroad Operations Bill - New Jersey Business & Industry Association",https://news.google.com/rss/search?q=business&hl=en-US&gl=US&ceid=US:en
2026-01-07,"Weiser talks affordability, small business, political tensions in Steamboat Springs town hall - SteamboatToday.com",https://news.google.com/rss/search?q=business&hl=en-US&gl=US&ceid=US:en
2026-01-07,Larry Page is officially moving business out of California ahead of a proposed billionaire's tax - Business Insider,https://news.google.com/rss/search?q=business&hl=en-US&gl=US&ceid=US:en
2026-01-07,"2025: A year in review for corporation, LLC, and other business entity laws - Wolters Kluwer",https://news.google.com/rss/search?q=business&hl=en-US&gl=US&ceid=US:en
2026-01-07,Amazon angers retailers by listing products from other sites without consent - Business Insider,https://news.google.com/rss/search?q=business&hl=en-US&gl=US&ceid=US:en
2026-01-07,The AI Power List: The most influential people in artificial intelligence - Business Insider,https://news.google.com/rss/search?q=business&hl=en-US&gl=US&ceid=US:en
2026-01-07,"Here are the biggest announcements coming out of the 2026 Consumer Electronics Show, from robots to chips - Business Insider",https://news.google.com/rss/search?q=business&hl=en-US&gl=US&ceid=US:en
2026-01-07,Establishment of a Lifestyle Brand Business Platform：Acquisition of UK Footwear Brand Jacobson Group - marubeni.com,https://news.google.com/rss/search?q=business&hl=en-US&gl=US&ceid=US:en
2026-01-07,NC Secretary of State calls for new budget to keep up with business registrations - WUNC,https://news.google.com/rss/search?q=business&hl=en-US&gl=US&ceid=US:en
2026-01-07,"Pickup truck crashes into Gig Harbor business, triggering gas leak - KING5.com",https://news.google.com/rss/search?q=business&hl=en-US&gl=US&ceid=US:en
2026-01-07,ASU's 'The GAME School' teaching students to build business out of gaming - FOX 10 Phoenix,https://news.google.com/rss/search?q=business&hl=en-US&gl=US&ceid=US:en
2026-01-07,Aurora Immigrant Affairs Office to host Hispanic-focused business conference - Denver Gazette,https://news.google.com/rss/search?q=business&hl=en-US&gl=US&ceid=US:en
2026-01-07,"CT Mirror hires new education reporter, business team members - CT Mirror",https://news.google.com/rss/search?q=business&hl=en-US&gl=US&ceid=US:en
2026-01-07,String of overnight burglaries in Bucks County leaves small business owners on edge - CBS News,https://news.google.com/rss/search?q=business&hl=en-US&gl=US&ceid=US:en
2026-01-07,"""I don't really want to go anywhere else. I mean, that's our building."" - marketplace.org",https://news.google.com/rss/search?q=business&hl=en-US&gl=US&ceid=US:en
2026-01-07,Local business leaders back paid leave idea but call implementation a challenge - Northern News Now,https://news.google.com/rss/search?q=business&hl=en-US&gl=US&ceid=US:en
2026-01-07,Photos: Grand opening of the FSU Herbert Wertheim Center for Business Excellence - Florida State University News,https://news.google.com/rss/search?q=business&hl=en-US&gl=US&ceid=US:en
2026-01-07,Development & Business Services moves back into Lynnwood City Hall - Lynnwood Times,https://news.google.com/rss/search?q=business&hl=en-US&gl=US&ceid=US:en
2026-01-07,Business owner Brad Simon leads District 26 primary election - The Arkansas Democrat-Gazette,https://news.google.com/rss/search?q=business&hl=en-US&gl=US&ceid=US:en
2026-01-07,Understand Your Capital and Treat Your Farm Like a Business - Iowa Soybean Association,https://news.google.com/rss/search?q=business&hl=en-US&gl=US&ceid=US:en
2026-01-07,Small business owners see health insurance costs double as subsidies expire - FOX13 Memphis,https://news.google.com/rss/search?q=business&hl=en-US&gl=US&ceid=US:en
2026-01-07,New business set to open on High Street - WDTV 5,https://news.google.com/rss/search?q=business&hl=en-US&gl=US&ceid=US:en
2026-01-07,FDA commissioner says non-medical-grade wearable data exempt from regulation - Fox Business,https://news.google.com/rss/search?q=business&hl=en-US&gl=US&ceid=US:en
2026-01-07,Florida State University opens new College of Business facility - Tallahassee Democrat,https://news.google.com/rss/search?q=business&hl=en-US&gl=US&ceid=US:en
2026-01-07,"FSU opens the doors to its College of Business facility, a 'legacy' - Tallahassee Democrat",https://news.google.com/rss/search?q=business&hl=en-US&gl=US&ceid=US:en
2026-01-07,What Every Local Business Should Know About Marketing in 2026 - BizTimes - Milwaukee Business News,https://news.google.com/rss/search?q=business&hl=en-US&gl=US&ceid=US:en
2026-01-07,"2025 Year in Review: Policy Victories, Progress, and the Work Ahead - Small Business & Entrepreneurship Council",https://news.google.com/rss/search?q=business&hl=en-US&gl=US&ceid=US:en
2026-01-07,Virginia minimum wage increase brings mixed reactions from local business owners - WVVA,https://news.google.com/rss/search?q=business&hl=en-US&gl=US&ceid=US:en
2026-01-07,St. Croix Economic Development Corporation announces 2025 Business of the Year awards - Hudson Star Observer,https://news.google.com/rss/search?q=business&hl=en-US&gl=US&ceid=US:en
2026-01-07,FSU College of Business receives $65 million from Herbert Wertheim - Philanthropy News Digest,https://news.google.com/rss/search?q=business&hl=en-US&gl=US&ceid=US:en
2026-01-07,"Commerce Lexington's six-week Money Smart classes for aspiring, existing small business begins in February - Lane Report",https://news.google.com/rss/search?q=business&hl=en-US&gl=US&ceid=US:en
2026-01-07,Jollibee to Spin Off International Business With U.S. Listing by 2027 - The Wall Street Journal,https://news.google.com/rss/search?q=business&hl=en-US&gl=US&ceid=US:en
2026-01-07,Montana Chamber Business Days discusses property tax impacts - KTVH,https://news.google.com/rss/search?q=business&hl=en-US&gl=US&ceid=US:en
2026-01-07,"Check out Fond du Lac business openings, closings and more in 2025 - fdlreporter.com",https://news.google.com/rss/search?q=business&hl=en-US&gl=US&ceid=US:en
2026-01-07,Ryder acquires Georgia commercial vehicle maintenance business - DC Velocity,https://news.google.com/rss/search?q=business&hl=en-US&gl=US&ceid=US:en
2026-01-07,Small Business Smarts: Tips for a Stress-Free Tax Season - ADP,https://news.google.com/rss/search?q=business&hl=en-US&gl=US&ceid=US:en
2026-01-07,New pet-friendly business to open at site of closed Bar K - KMOV,https://news.google.com/rss/search?q=business&hl=en-US&gl=US&ceid=US:en
2026-01-07,McQuade Distributing president talks decision to sell business - KFYR-TV,https://news.google.com/rss/search?q=business&hl=en-US&gl=US&ceid=US:en
2026-01-07,IRS raises business mileage rate for 2026 - Tri-Cities Area Journal of Business,https://news.google.com/rss/search?q=business&hl=en-US&gl=US&ceid=US:en
2026-01-07,Jan. 6 Business Watch: More bad news in Europe; low-carbon ammonia gears up in US - Chemical & Engineering News,https://news.google.com/rss/search?q=business&hl=en-US&gl=US&ceid=US:en
2026-01-07,"North Liberty, Greater Iowa City, Inc. launch small business grant program - Corridor Business Journal",https://news.google.com/rss/search?q=business&hl=en-US&gl=US&ceid=US:en
2026-01-07,Le Mars City Council votes on keeping Business Highway 75 four lanes - KTIV,https://news.google.com/rss/search?q=business&hl=en-US&gl=US&ceid=US:en
2026-01-07,Neighbors in Claremont grappling with loss of business and homes - News 12 - The Bronx,https://news.google.com/rss/search?q=business&hl=en-US&gl=US&ceid=US:en
2026-01-07,Study reveals the 5 traits business owners in Virginia and West Virginia value most - WVVA,https://news.google.com/rss/search?q=business&hl=en-US&gl=US&ceid=US:en
2026-01-07,BisMan Chamber focused on business development in new year - KFYR-TV,https://news.google.com/rss/search?q=business&hl=en-US&gl=US&ceid=US:en
2026-01-07,Governor Hochul Signs the New York FAIR Business Practices Act Into Law - JD Supra,https://news.google.com/rss/search?q=business&hl=en-US&gl=US&ceid=US:en
2026-01-07,Comings & Goings - SiouxFalls.Business,https://news.google.com/rss/search?q=business&hl=en-US&gl=US&ceid=US:en
2026-01-07,Public input needed as progress continues on North Omaha Airport Business Park - WOWT,https://news.google.com/rss/search?q=business&hl=en-US&gl=US&ceid=US:en
2026-01-07,"'We took our business community for granted,' San Francisco's new mayor admits to city's failings - Fortune",https://news.google.com/rss/search?q=business&hl=en-US&gl=US&ceid=US:en
2026-01-07,City commission approves economic development incentive for long-standing business to grow - WDHN,https://news.google.com/rss/search?q=business&hl=en-US&gl=US&ceid=US:en
2026-01-07,Early Warning Services media business in review - Campaign US,https://news.google.com/rss/search?q=business&hl=en-US&gl=US&ceid=US:en
2026-01-07,Harrisburg Mayor Wanda Williams committed to revitalizing the city by modernizing infrastructure - WGAL,https://news.google.com/rss/search?q=business&hl=en-US&gl=US&ceid=US:en
2026-01-07,Cruising Kitchens back in business after landlord gives access to properties - San Antonio Express-News,https://news.google.com/rss/search?q=business&hl=en-US&gl=US&ceid=US:en
2026-01-07,It’s about adapting: business and economy focus of forum at Fort Lewis College - The Durango Herald,https://news.google.com/rss/search?q=business&hl=en-US&gl=US&ceid=US:en
2026-01-07,University of Bridgeport Business Professor Wins ACBSP Best of Region 1 Award for AI-Focused Teaching Innovation - PR Newswire,https://news.google.com/rss/search?q=business&hl=en-US&gl=US&ceid=US:en
2026-01-07,Nationals hire Jason Sinnarajah from Royals as their president of business operations - NBC4 Washington,https://news.google.com/rss/search?q=business&hl=en-US&gl=US&ceid=US:en
2026-01-07,"Chicago Stars FC plans 10-acre training center, HQ in Bannockburn - Crain's Chicago Business",https://news.google.com/rss/search?q=business&hl=en-US&gl=US&ceid=US:en
2026-01-07,This investor blocked the $9 billion CoreWeave-Core Scientific deal. Here's why he expects that bet to soon pay off. - Business Insider,https://news.google.com/rss/search?q=business&hl=en-US&gl=US&ceid=US:en
2026-01-07,Louisiana Wins Business Facilities Platinum Deal of the Year - Biz New Orleans,https://news.google.com/rss/search?q=business&hl=en-US&gl=US&ceid=US:en
2026-01-07,100-Year-Old Businesses: Dunn-Edwards Paints - Los Angeles Business Journal,https://news.google.com/rss/search?q=business&hl=en-US&gl=US&ceid=US:en
2026-01-07,"Marco Indrio Named Alpi President, Marking New Era for the Family Business - members.asicentral.com",https://news.google.com/rss/search?q=business&hl=en-US&gl=US&ceid=US:en
2026-01-07,P&Q Perspectives: Educating For Impact: Sustainability At U.S. Business Schools - Poets&Quants,https://news.google.com/rss/search?q=business&hl=en-US&gl=US&ceid=US:en
2026-01-07,Ocean Beach business community hopes city replaces iconic pier - Times of San Diego,https://news.google.com/rss/search?q=business&hl=en-US&gl=US&ceid=US:en
2026-01-07,100-pound concrete pig medallion returns to Washington business - WITN,https://news.google.com/rss/search?q=business&hl=en-US&gl=US&ceid=US:en
2026-01-07,Iowa Business Council reports positive economic outlook for 2026 - KCCI,https://news.google.com/rss/search?q=business&hl=en-US&gl=US&ceid=US:en
2026-01-07,Elderly man found dead in parking lot behind Lancaster County business - WIS News 10,https://news.google.com/rss/search?q=business&hl=en-US&gl=US&ceid=US:en
2026-01-07,Local business discusses pros and cons of new paid family leave program in Minnesota - kaaltv.com,https://news.google.com/rss/search?q=business&hl=en-US&gl=US&ceid=US:en
2026-01-07,Lackluster ski season affecting businesses in Santa Fe - KOAT,https://news.google.com/rss/search?q=business&hl=en-US&gl=US&ceid=US:en
2026-01-07,Robbery suspected in fatal shooting at Columbus business - The Columbus Dispatch,https://news.google.com/rss/search?q=business&hl=en-US&gl=US&ceid=US:en
2026-01-07,Take a look inside the new College of Business at FSU - Tallahassee Democrat,https://news.google.com/rss/search?q=business&hl=en-US&gl=US&ceid=US:en
2026-01-07,Why Mark Cuban says AI is both 'stupid' and a make-or-break tool for businesses - Business Insider,https://news.google.com/rss/search?q=business&hl=en-US&gl=US&ceid=US:en
2026-01-07,"Boys basketball: Welch, Glenbard North take care of business, break Geneva’s 18-game DuKane win streak - Daily Herald",https://news.google.com/rss/search?q=business&hl=en-US&gl=US&ceid=US:en
2026-01-07,Ex-Trump climate adviser takes reins of business group - E&E News by POLITICO,https://news.google.com/rss/search?q=business&hl=en-US&gl=US&ceid=US:en
2026-01-07,OHS grad starts tutoring business - Odessa American,https://news.google.com/rss/search?q=business&hl=en-US&gl=US&ceid=US:en
2026-01-07,"'Inside Edition' Execs Made Racist, Antisemitic Comments, Lawsuit Says - Business Insider",https://news.google.com/rss/search?q=business&hl=en-US&gl=US&ceid=US:en
2026-01-07,Family says car dealership took advantage of elderly man with dementia; business says it’s resolved - WSB-TV,https://news.google.com/rss/search?q=business&hl=en-US&gl=US&ceid=US:en
2026-01-07,FedEx nabs more BMW business as part of B2B push - Supply Chain Dive,https://news.google.com/rss/search?q=business&hl=en-US&gl=US&ceid=US:en
2026-01-07,Countdown to FIFA World Cup: Experts in Philadelphia recommend booking hotels now - 6abc Philadelphia,https://news.google.com/rss/search?q=world&hl=en-US&gl=US&ceid=US:en
2026-01-07,Stephen Miller Offers a Strongman’s View of the World - The New York Times,https://news.google.com/rss/search?q=world&hl=en-US&gl=US&ceid=US:en
2026-01-07,CEO of the world’s biggest recruiter says Gen Z grads need to consider non-degree trade and hospitality jobs - Fortune,https://news.google.com/rss/search?q=world&hl=en-US&gl=US&ceid=US:en
2026-01-07,The world’s most punctual airlines and airports in 2025 - CNN,https://news.google.com/rss/search?q=world&hl=en-US&gl=US&ceid=US:en
2026-01-07,‘I wish I’d faced these poor modern teams’: world’s oldest living Test cricketer on decline in standards - The Guardian,https://news.google.com/rss/search?q=world&hl=en-US&gl=US&ceid=US:en
2026-01-07,European leaders rally behind Greenland in face of renewed US threat - Reuters,https://news.google.com/rss/search?q=world&hl=en-US&gl=US&ceid=US:en
2026-01-07,The Big Story: Venezuela and a Warning for Other World Leaders - The Atlantic,https://news.google.com/rss/search?q=world&hl=en-US&gl=US&ceid=US:en
2026-01-07,"Sweden tops Czechia, wins 3rd world junior title - ESPN",https://news.google.com/rss/search?q=world&hl=en-US&gl=US&ceid=US:en
2026-01-07,"Korean Stocks’ World-Beating Rally Just a Start, Investors Say - Bloomberg.com",https://news.google.com/rss/search?q=world&hl=en-US&gl=US&ceid=US:en
2026-01-07,"What Do World Cup XC Athletes Really Think About 32"" Wheels? - Pinkbike",https://news.google.com/rss/search?q=world&hl=en-US&gl=US&ceid=US:en
2026-01-07,Entry Lists Released For 2026 World Athletics Cross Country Championships - FloTrack,https://news.google.com/rss/search?q=world&hl=en-US&gl=US&ceid=US:en
2026-01-07,Entry lists for World Athletics Cross Country Championships Tallahassee 26 published - worldathletics.org,https://news.google.com/rss/search?q=world&hl=en-US&gl=US&ceid=US:en
2026-01-07,The Future of Football Is Here: AI Solutions To Power FIFA World Cup 2026™ - Lenovo StoryHub,https://news.google.com/rss/search?q=world&hl=en-US&gl=US&ceid=US:en
2026-01-07,"With Everything Going On In The World, Some Days Riding Horses Feels Stupid - The Chronicle of the Horse",https://news.google.com/rss/search?q=world&hl=en-US&gl=US&ceid=US:en
2026-01-07,"SPITE announce ""NEW WORLD KILLER"" headline tour - Revolver Magazine",https://news.google.com/rss/search?q=world&hl=en-US&gl=US&ceid=US:en
2026-01-07,Global Blog | Motorola at Lenovo Tech World 2026 - motorolanews.com,https://news.google.com/rss/search?q=world&hl=en-US&gl=US&ceid=US:en
2026-01-07,Many factors go into World Juniors attendance - Lets Play Hockey,https://news.google.com/rss/search?q=world&hl=en-US&gl=US&ceid=US:en
2026-01-07,Wolfe & Strand Ready For XC World Championships - University of North Carolina Athletics,https://news.google.com/rss/search?q=world&hl=en-US&gl=US&ceid=US:en
2026-01-07,Boumedienne Wins Gold at World Juniors - USHL,https://news.google.com/rss/search?q=world&hl=en-US&gl=US&ceid=US:en
2026-01-07,Venezuela says it has the world's largest reserves of crude oil. Making it viable is a whole other problem. - Yahoo Finance,https://news.google.com/rss/search?q=world&hl=en-US&gl=US&ceid=US:en
2026-01-07,"World is less safe after US action in Venezuela, says UN Human Rights Office - Reuters",https://news.google.com/rss/search?q=world&hl=en-US&gl=US&ceid=US:en
2026-01-07,Outrcy against Trump attacks on Venezuela around the world - People's World,https://news.google.com/rss/search?q=world&hl=en-US&gl=US&ceid=US:en
2026-01-07,Boumedienne Wins Gold at 2026 World Junior Championship - Boston University Athletics,https://news.google.com/rss/search?q=world&hl=en-US&gl=US&ceid=US:en
2026-01-07,"Lenovo Defines the Next Era of Hybrid AI with Personalized, Perceptive, and Proactive AI Portfolio at Tech World @ CES 2026 - Lenovo StoryHub",https://news.google.com/rss/search?q=world&hl=en-US&gl=US&ceid=US:en
2026-01-07,"Scouting Stenberg, McKenna and more than 100 NHL prospects at World Juniors - The New York Times",https://news.google.com/rss/search?q=world&hl=en-US&gl=US&ceid=US:en
2026-01-07,Motorola unveils new flagship devices and AI-powered innovation at Lenovo Tech World 2026 - Lenovo StoryHub,https://news.google.com/rss/search?q=world&hl=en-US&gl=US&ceid=US:en
2026-01-07,Opinion | What Great Art Saves When Nothing Else Lasts - The New York Times,https://news.google.com/rss/search?q=world&hl=en-US&gl=US&ceid=US:en
2026-01-07,Trump Claims Venezuela Will Send Oil to U.S. - The New York Times,https://news.google.com/rss/search?q=world&hl=en-US&gl=US&ceid=US:en
2026-01-07,World War II veteran Critelli inspires with U.S. anthem performance at age 104 - NHL.com,https://news.google.com/rss/search?q=world&hl=en-US&gl=US&ceid=US:en
2026-01-07,2026 World Junior Championship: 10 things learned - NHL.com,https://news.google.com/rss/search?q=world&hl=en-US&gl=US&ceid=US:en
2026-01-07,Canada tops Finland in world junior 3rd-place game - ESPN,https://news.google.com/rss/search?q=world&hl=en-US&gl=US&ceid=US:en
2026-01-07,World Cup rentals could spike Kansas City homeowners’ property taxes - KCTV,https://news.google.com/rss/search?q=world&hl=en-US&gl=US&ceid=US:en
2026-01-07,Andersen Genève’s World Time Gains a Split Seconds Upgrade - SJX Watches,https://news.google.com/rss/search?q=world&hl=en-US&gl=US&ceid=US:en
2026-01-07,Boone thrilled to send captain Judge to lead Team USA - MLB.com,https://news.google.com/rss/search?q=world&hl=en-US&gl=US&ceid=US:en
2026-01-07,World Junior Championship roundup: Sweden wins gold medal for 1st time since 2012 - NHL.com,https://news.google.com/rss/search?q=world&hl=en-US&gl=US&ceid=US:en
2026-01-07,Milwaukee Discovery World Workers Vote to Join the IAM Union - GOIAM,https://news.google.com/rss/search?q=world&hl=en-US&gl=US&ceid=US:en
2026-01-07,"Croatia Star Joško Gvardiol Fractures Leg, Will Have Surgery Months Before World Cup - FOX Sports",https://news.google.com/rss/search?q=world&hl=en-US&gl=US&ceid=US:en
2026-01-07,World Famous VIP Records sign will have new home at city park to be named in its honor - Long Beach Post,https://news.google.com/rss/search?q=world&hl=en-US&gl=US&ceid=US:en
2026-01-07,A world on strike: The working class answered back in 2025 - People's World,https://news.google.com/rss/search?q=world&hl=en-US&gl=US&ceid=US:en
2026-01-07,Lee’s Summit takes step toward partial opt out of Missouri World Cup alcohol law - KMBC,https://news.google.com/rss/search?q=world&hl=en-US&gl=US&ceid=US:en
2026-01-07,"World of Outlaws iRacing Pro Qualifying Series | Race 7 at Cedar Lake Speedway | January 6th to January 8th, 2026 - iRacing.com",https://news.google.com/rss/search?q=world&hl=en-US&gl=US&ceid=US:en
2026-01-07,Mammoth Players and Coaches Reflect on World Juniors Experiences - NHL.com,https://news.google.com/rss/search?q=world&hl=en-US&gl=US&ceid=US:en
2026-01-07,NHL's 'My World' YouTube docuseries features Ducks' Carlsson - NHL.com,https://news.google.com/rss/search?q=world&hl=en-US&gl=US&ceid=US:en
2026-01-07,"Mrtka, Czechia win silver at World Juniors - WGRZ",https://news.google.com/rss/search?q=world&hl=en-US&gl=US&ceid=US:en
2026-01-07,Trump urges Republican ‘flexibility’ on taxpayer-funded abortions - Catholic World Report,https://news.google.com/rss/search?q=world&hl=en-US&gl=US&ceid=US:en
2026-01-07,Lawrence City Commission lifts cap on short-term rentals for duration of World Cup - The Lawrence Times,https://news.google.com/rss/search?q=world&hl=en-US&gl=US&ceid=US:en
2026-01-07,Kansas City officials provide first 2026 World Cup update of the year - KCTV,https://news.google.com/rss/search?q=world&hl=en-US&gl=US&ceid=US:en
2026-01-07,"World News in Brief: Storms in Syria, school attacks in Nigeria, strikes continue in southern Lebanon - UN News",https://news.google.com/rss/search?q=world&hl=en-US&gl=US&ceid=US:en
2026-01-07,UND's Canadian medalists eager to apply lessons learned at World Juniors - Grand Forks Herald,https://news.google.com/rss/search?q=world&hl=en-US&gl=US&ceid=US:en
2026-01-07,Aspen Snowboard World Cup: Halfpipe Stats Preview - FIS,https://news.google.com/rss/search?q=world&hl=en-US&gl=US&ceid=US:en
2026-01-07,"Neymar extends Santos deal through 2026, eyeing World Cup return - Reuters",https://news.google.com/rss/search?q=world&hl=en-US&gl=US&ceid=US:en
2026-01-07,Morgan Stanley files for spot bitcoin and solana ETFs: CNBC Crypto World - CNBC,https://news.google.com/rss/search?q=world&hl=en-US&gl=US&ceid=US:en
2026-01-07,Video How the US raid on Venezuela reshapes the world stage - ABC News,https://news.google.com/rss/search?q=world&hl=en-US&gl=US&ceid=US:en
2026-01-07,US Has the Most Progressive Tax System in the Developed World - Cato Institute,https://news.google.com/rss/search?q=world&hl=en-US&gl=US&ceid=US:en
2026-01-07,Here's why Trump says the U.S. 'needs' Greenland for Arctic security - PBS,https://news.google.com/rss/search?q=world&hl=en-US&gl=US&ceid=US:en
2026-01-07,Madonna di Campiglio men’s World Cup slalom start list: January pressure under the lights - Ski Racing Media,https://news.google.com/rss/search?q=world&hl=en-US&gl=US&ceid=US:en
2026-01-07,"UBC Acquires Evidinno Outcomes Research, Expanding Real-World Evidence and HEOR Capabilities | Newswise - Newswise",https://news.google.com/rss/search?q=world&hl=en-US&gl=US&ceid=US:en
2026-01-07,Conner New dominates World of Outlaws iRacing Pro Series Late Model Opener at Oswego - World of Outlaws,https://news.google.com/rss/search?q=world&hl=en-US&gl=US&ceid=US:en
2026-01-07,Live Updates: Trump Says Venezuela Will Start Handing Over Some Oil to U.S. - The New York Times,https://news.google.com/rss/search?q=world&hl=en-US&gl=US&ceid=US:en
2026-01-07,2026 network outage report and internet health check - Network World,https://news.google.com/rss/search?q=world&hl=en-US&gl=US&ceid=US:en
2026-01-07,"Ferguson, Henry may take paternity leave during T20 World Cup - ESPN",https://news.google.com/rss/search?q=world&hl=en-US&gl=US&ceid=US:en
2026-01-07,"In Venezuela, Uncertainty Mixes with Normalcy Days After U.S. Strike - NPR",https://news.google.com/rss/search?q=world&hl=en-US&gl=US&ceid=US:en
2026-01-07,"At CES 2026, AI Leaves the Screen and Enters the Real World - Scientific American",https://news.google.com/rss/search?q=world&hl=en-US&gl=US&ceid=US:en
2026-01-07,"Here are four alternative ways to get World Cup tickets, including free tickets from Verizon - Houston Public Media",https://news.google.com/rss/search?q=world&hl=en-US&gl=US&ceid=US:en
2026-01-07,Marriott Bonvoy To Provide Unmatched Fan Access to FIFA World Cup 2026™ - PR Newswire,https://news.google.com/rss/search?q=world&hl=en-US&gl=US&ceid=US:en
2026-01-07,NASA Picks Habitable World-Finders - Payload Space,https://news.google.com/rss/search?q=world&hl=en-US&gl=US&ceid=US:en
2026-01-07,Mexico has the highest gasoline prices among the world’s top consumers - Mexico News Daily,https://news.google.com/rss/search?q=world&hl=en-US&gl=US&ceid=US:en
2026-01-07,"CES 2026: Guangfan Technology Reveals Lightwear, Introducing World's First Vision-Enabled AI Earphones - Yahoo Finance",https://news.google.com/rss/search?q=world&hl=en-US&gl=US&ceid=US:en
2026-01-07,"Trading Day: No pain, plenty gAIn for world stocks - Reuters",https://news.google.com/rss/search?q=world&hl=en-US&gl=US&ceid=US:en
2026-01-07,Freestyle Skiing: Mikaël Kingsbury targets historic 100th World Cup win at Val St. Côme: Schedule and how to watch - Olympics.com,https://news.google.com/rss/search?q=world&hl=en-US&gl=US&ceid=US:en
2026-01-07,Rescue donkey in Georgia breaks world record with her long ears - WBAL-TV,https://news.google.com/rss/search?q=world&hl=en-US&gl=US&ceid=US:en
2026-01-07,"2026 Monster Energy SMX World Championship Begins Saturday, January 10 - Racer X",https://news.google.com/rss/search?q=world&hl=en-US&gl=US&ceid=US:en
2026-01-07,Kansas City prepares for FIFA World Cup matches as KC2026 ramps up base camps and volunteers - KMBC,https://news.google.com/rss/search?q=world&hl=en-US&gl=US&ceid=US:en
2026-01-07,Anderson Township’s Dehlinger places third at World Cup event in Canada - WLWT,https://news.google.com/rss/search?q=world&hl=en-US&gl=US&ceid=US:en
2026-01-07,The ‘Donroe doctrine’: Maduro is the guinea pig for Donald Trump’s new world order - The Conversation,https://news.google.com/rss/search?q=world&hl=en-US&gl=US&ceid=US:en
2026-01-07,"World Juniors standouts and disappointments: How did McKenna, Stenberg and top NHL prospects play? - The Athletic - The New York Times",https://news.google.com/rss/search?q=world&hl=en-US&gl=US&ceid=US:en
2026-01-07,London will host the 30th edition of The World Gas Conference (WGC2028) - International Gas Union,https://news.google.com/rss/search?q=world&hl=en-US&gl=US&ceid=US:en
2026-01-07,UW-Milwaukee professor is fighting superbugs in Milwaukee and around the world - Universities of Wisconsin,https://news.google.com/rss/search?q=world&hl=en-US&gl=US&ceid=US:en
2026-01-07,New Zealand bowler Duffy to make T20 World Cup bow - Reuters,https://news.google.com/rss/search?q=world&hl=en-US&gl=US&ceid=US:en
2026-01-07,Advocates prepare for potential increase in trafficking during World Cup in Seattle - KOMO,https://news.google.com/rss/search?q=world&hl=en-US&gl=US&ceid=US:en
2026-01-07,"Motorola Unveils razr FIFA World Cup 26™ Edition: A Celebration of Unity, Craftsmanship, and Football - Yahoo Finance",https://news.google.com/rss/search?q=world&hl=en-US&gl=US&ceid=US:en
2026-01-07,Jewish Federations Launch Fourth Catalyst Cohort with Repair the World - The Jewish Federations of North America,https://news.google.com/rss/search?q=world&hl=en-US&gl=US&ceid=US:en
2026-01-07,How did life begin on Earth? New experiments support 'RNA world' hypothesis - Space,https://news.google.com/rss/search?q=world&hl=en-US&gl=US&ceid=US:en
2026-01-07,Penn State men’s hockey Gavin McKenna completes strong showing at World Junior Championships - The Daily Collegian,https://news.google.com/rss/search?q=world&hl=en-US&gl=US&ceid=US:en
2026-01-07,All eyes on Aspen for Slopestyle World Cup season debut and Olympic teaser - FIS,https://news.google.com/rss/search?q=world&hl=en-US&gl=US&ceid=US:en
2026-01-07,"The World’s Most Stressful Airports, Ranked (2026) - Condé Nast Traveler",https://news.google.com/rss/search?q=world&hl=en-US&gl=US&ceid=US:en
2026-01-07,Trump: U.S. taxpayers will ‘reimburse’ corporations for costs of stealing Venezuelan oil - People's World,https://news.google.com/rss/search?q=world&hl=en-US&gl=US&ceid=US:en
2026-01-07,Ayoung Kim Is Stargazing in a Digital World - Hyperallergic,https://news.google.com/rss/search?q=world&hl=en-US&gl=US&ceid=US:en
2026-01-07,World safety at risk after US military intervention in Venezuela - Al Jazeera,https://news.google.com/rss/search?q=world&hl=en-US&gl=US&ceid=US:en
2026-01-07,Eli Johnson Plans 2026 Rookie of the Year Run with World of Outlaws - World of Outlaws,https://news.google.com/rss/search?q=world&hl=en-US&gl=US&ceid=US:en
2026-01-07,FCC Reminds Experimental HF Stations to Identify Themselves - radioworld.com,https://news.google.com/rss/search?q=world&hl=en-US&gl=US&ceid=US:en
2026-01-07,"To meet World Cup 2026 deadline, more money for temporary jail approved in committee - Kansas City Star",https://news.google.com/rss/search?q=world&hl=en-US&gl=US&ceid=US:en
2026-01-07,Aaron Judge as Team USA World Baseball Classic captain is 'the right thing' - USA Today,https://news.google.com/rss/search?q=world&hl=en-US&gl=US&ceid=US:en
2026-01-07,"IIHF president addresses Olympic arena situation, Minnesota World Juniors attendance - The New York Times",https://news.google.com/rss/search?q=world&hl=en-US&gl=US&ceid=US:en
2026-01-07,Feral hogs could complicate New World screwworm containment - National Hog Farmer,https://news.google.com/rss/search?q=world&hl=en-US&gl=US&ceid=US:en
2026-01-07,How Sweden Won World Junior Gold In 2026 - FloHockey,https://news.google.com/rss/search?q=world&hl=en-US&gl=US&ceid=US:en
2026-01-07,New Taco Bell Cantina just opened at this world-renowned Bay Area destination - KTVU,https://news.google.com/rss/search?q=world&hl=en-US&gl=US&ceid=US:en
2026-01-07,"Future in Focus: Steve Williams, WBGO CEO - radioworld.com",https://news.google.com/rss/search?q=world&hl=en-US&gl=US&ceid=US:en
2026-01-07,'NHL My World' debut episodes available on YouTube - NHL.com,https://news.google.com/rss/search?q=world&hl=en-US&gl=US&ceid=US:en
